{"cameraMode":{"drawMode":0,"name":"Shaded","section":"Shading Mode"},"sceneLighting":false,"audioPlay":false,"sceneViewState":{"m_AlwaysRefresh":false,"showFog":true,"showSkybox":false,"showFlares":true,"showImageEffects":true,"showParticleSystems":true,"showVisualEffectGraphs":true,"m_FxEnabled":true},"in2DMode":false,"pivot":{"x":5.280397415161133,"y":-1.506624460220337,"z":13.664718627929688},"rotation":{"x":0.17517636716365815,"y":0.2820744216442108,"z":-0.052467621862888339,"w":0.9418102502822876},"size":4.2983503341674809,"orthographic":false}