{"cameraMode":{"drawMode":0,"name":"Shaded","section":"Shading Mode"},"sceneLighting":false,"audioPlay":false,"sceneViewState":{"m_AlwaysRefresh":false,"showFog":true,"showSkybox":false,"showFlares":true,"showImageEffects":true,"showParticleSystems":true,"showVisualEffectGraphs":true,"m_FxEnabled":true},"in2DMode":false,"pivot":{"x":0.448883056640625,"y":0.24600203335285188,"z":-6.744502067565918},"rotation":{"x":0.2126728594303131,"y":0.04102570191025734,"z":-0.008937355130910874,"w":0.9762287139892578},"size":0.4034121036529541,"orthographic":false}